assessment_name,relative_url,duration,remote,adaptive,test_type,raw_text
Global Skills Development Report,https://www.shl.com/solutions/products/product-catalog/view/global-skills-development-report/,10,yes,no,nan,Global Skills Development Report nan 
.NET Framework 4.5,https://www.shl.com/solutions/products/product-catalog/view/net-framework-4-5/,30,yes,yes,knowledge & skills,.NET Framework 4.5 knowledge & skills Approximate Completion Time in minutes = 30
.NET MVC (New),https://www.shl.com/solutions/products/product-catalog/view/net-mvc-new/,17,yes,no,knowledge & skills,.NET MVC (New) knowledge & skills Approximate Completion Time in minutes = 17
.NET MVVM (New),https://www.shl.com/solutions/products/product-catalog/view/net-mvvm-new/,5,yes,no,knowledge & skills,.NET MVVM (New) knowledge & skills Approximate Completion Time in minutes = 5
.NET WCF (New),https://www.shl.com/solutions/products/product-catalog/view/net-wcf-new/,11,yes,no,knowledge & skills,.NET WCF (New) knowledge & skills Approximate Completion Time in minutes = 11
.NET WPF (New),https://www.shl.com/solutions/products/product-catalog/view/net-wpf-new/,9,yes,no,knowledge & skills,.NET WPF (New) knowledge & skills Approximate Completion Time in minutes = 9
.NET XAML (New),https://www.shl.com/solutions/products/product-catalog/view/net-xaml-new/,5,yes,no,knowledge & skills,.NET XAML (New) knowledge & skills Approximate Completion Time in minutes = 5
Accounts Payable (New),https://www.shl.com/solutions/products/product-catalog/view/accounts-payable-new/,9,yes,no,knowledge & skills,Accounts Payable (New) knowledge & skills Approximate Completion Time in minutes = 9
Accounts Payable Simulation (New),https://www.shl.com/solutions/products/product-catalog/view/accounts-payable-simulation-new/,8,yes,no,simulations,Accounts Payable Simulation (New) simulations Approximate Completion Time in minutes = 8
Accounts Receivable (New),https://www.shl.com/solutions/products/product-catalog/view/accounts-receivable-new/,13,yes,no,knowledge & skills,Accounts Receivable (New) knowledge & skills Approximate Completion Time in minutes = 13
Accounts Receivable Simulation (New),https://www.shl.com/solutions/products/product-catalog/view/accounts-receivable-simulation-new/,8,yes,no,simulations,Accounts Receivable Simulation (New) simulations Approximate Completion Time in minutes = 8
ADO.NET (New),https://www.shl.com/solutions/products/product-catalog/view/ado-net-new/,10,yes,no,knowledge & skills,ADO.NET (New) knowledge & skills Approximate Completion Time in minutes = 10
Adobe Experience Manager (New),https://www.shl.com/solutions/products/product-catalog/view/adobe-experience-manager-new/,17,yes,no,knowledge & skills,Adobe Experience Manager (New) knowledge & skills Approximate Completion Time in minutes = 17
Adobe Photoshop CC,https://www.shl.com/solutions/products/product-catalog/view/adobe-photoshop-cc/,20,yes,yes,knowledge & skills,Adobe Photoshop CC knowledge & skills Approximate Completion Time in minutes = 20
Aeronautical Engineering (New),https://www.shl.com/solutions/products/product-catalog/view/aeronautical-engineering-new/,10,yes,no,knowledge & skills,Aeronautical Engineering (New) knowledge & skills Approximate Completion Time in minutes = 10
Aerospace Engineering (New),https://www.shl.com/solutions/products/product-catalog/view/aerospace-engineering-new/,10,yes,no,knowledge & skills,Aerospace Engineering (New) knowledge & skills Approximate Completion Time in minutes = 10
Agile Software Development,https://www.shl.com/solutions/products/product-catalog/view/agile-software-development/,7,yes,no,knowledge & skills,Agile Software Development knowledge & skills Approximate Completion Time in minutes = 7 minutes
Agile Testing (New),https://www.shl.com/solutions/products/product-catalog/view/agile-testing-new/,13,yes,no,knowledge & skills,Agile Testing (New) knowledge & skills Approximate Completion Time in minutes = 13
AI Skills,https://www.shl.com/solutions/products/product-catalog/view/ai-skills/,16,yes,no,personality & behavior,AI Skills personality & behavior Approximate Completion Time in minutes = 16
Amazon Web Services (AWS) Development (New),https://www.shl.com/solutions/products/product-catalog/view/amazon-web-services-aws-development-new/,6,yes,no,knowledge & skills,Amazon Web Services (AWS) Development (New) knowledge & skills Approximate Completion Time in minutes = 6
Android Development (New),https://www.shl.com/solutions/products/product-catalog/view/android-development-new/,7,yes,no,knowledge & skills,Android Development (New) knowledge & skills Approximate Completion Time in minutes = 7
Angular 6 (New),https://www.shl.com/solutions/products/product-catalog/view/angular-6-new/,11,yes,no,knowledge & skills,Angular 6 (New) knowledge & skills Approximate Completion Time in minutes = 11
AngularJS (New),https://www.shl.com/solutions/products/product-catalog/view/angularjs-new/,9,yes,no,knowledge & skills,AngularJS (New) knowledge & skills Approximate Completion Time in minutes = 9
Apache Hadoop (New),https://www.shl.com/solutions/products/product-catalog/view/apache-hadoop-new/,7,yes,no,knowledge & skills,Apache Hadoop (New) knowledge & skills Approximate Completion Time in minutes = 7
Apache Hadoop Extensions (New),https://www.shl.com/solutions/products/product-catalog/view/apache-hadoop-extensions-new/,9,yes,no,knowledge & skills,Apache Hadoop Extensions (New) knowledge & skills Approximate Completion Time in minutes = 9
Apache HBase (New),https://www.shl.com/solutions/products/product-catalog/view/apache-hbase-new/,5,yes,no,knowledge & skills,Apache HBase (New) knowledge & skills Approximate Completion Time in minutes = 5
Apache Hive (New),https://www.shl.com/solutions/products/product-catalog/view/apache-hive-new/,5,yes,no,knowledge & skills,Apache Hive (New) knowledge & skills Approximate Completion Time in minutes = 5
Apache Kafka (New),https://www.shl.com/solutions/products/product-catalog/view/apache-kafka-new/,6,yes,no,knowledge & skills,Apache Kafka (New) knowledge & skills Approximate Completion Time in minutes = 6
Apache Pig (New),https://www.shl.com/solutions/products/product-catalog/view/apache-pig-new/,6,yes,no,knowledge & skills,Apache Pig (New) knowledge & skills Approximate Completion Time in minutes = 6
Apache Spark (New),https://www.shl.com/solutions/products/product-catalog/view/apache-spark-new/,8,yes,no,knowledge & skills,Apache Spark (New) knowledge & skills Approximate Completion Time in minutes = 8
ASP .NET with C# (New),https://www.shl.com/solutions/products/product-catalog/view/asp-net-with-c-new/,13,yes,no,knowledge & skills,ASP .NET with C# (New) knowledge & skills Approximate Completion Time in minutes = 13
ASP.NET 4.5,https://www.shl.com/solutions/products/product-catalog/view/asp-net-4-5/,30,yes,yes,knowledge & skills,ASP.NET 4.5 knowledge & skills Approximate Completion Time in minutes = 30
Assessment and Development Center Exercises,https://www.shl.com/solutions/products/product-catalog/view/assessment-and-development-center-exercises/,10,yes,no,assessment exercises,Assessment and Development Center Exercises assessment exercises Approximate Completion Time in minutes = Variable
Automata - Fix (New),https://www.shl.com/solutions/products/product-catalog/view/automata-fix-new/,11,yes,no,simulations,Automata - Fix (New) simulations Approximate Completion Time in minutes = max 20
Automata - SQL (New),https://www.shl.com/solutions/products/product-catalog/view/automata-sql-new/,11,yes,no,simulations,Automata - SQL (New) simulations Approximate Completion Time in minutes = max 30
Automata (New),https://www.shl.com/solutions/products/product-catalog/view/automata-new/,11,yes,no,simulations,Automata (New) simulations Approximate Completion Time in minutes = max 45
Automata Data Science (New),https://www.shl.com/solutions/products/product-catalog/view/automata-data-science-new/,11,yes,no,simulations,Automata Data Science (New) simulations Approximate Completion Time in minutes = max 60
Automata Data Science Pro (New),https://www.shl.com/solutions/products/product-catalog/view/automata-data-science-pro-new/,11,yes,no,simulations,Automata Data Science Pro (New) simulations Approximate Completion Time in minutes = max 60
Automata Front End,https://www.shl.com/solutions/products/product-catalog/view/automata-front-end/,30,yes,no,simulations,Automata Front End simulations Approximate Completion Time in minutes = 30 minutes
Automata Pro (New),https://www.shl.com/solutions/products/product-catalog/view/automata-pro-new/,11,yes,no,simulations,Automata Pro (New) simulations Approximate Completion Time in minutes = max 60
Automata Selenium,https://www.shl.com/solutions/products/product-catalog/view/automata-selenium/,60,yes,no,simulations,Automata Selenium simulations Approximate Completion Time in minutes = 60
Automation Anywhere RPA Development (New),https://www.shl.com/solutions/products/product-catalog/view/automation-anywhere-rpa-development-new/,8,yes,no,knowledge & skills,Automation Anywhere RPA Development (New) knowledge & skills Approximate Completion Time in minutes = 8
Automotive Engineering (New),https://www.shl.com/solutions/products/product-catalog/view/automotive-engineering-new/,13,yes,no,knowledge & skills,Automotive Engineering (New) knowledge & skills Approximate Completion Time in minutes = 13
Basic Biology (New),https://www.shl.com/solutions/products/product-catalog/view/basic-biology-new/,6,yes,no,knowledge & skills,Basic Biology (New) knowledge & skills Approximate Completion Time in minutes = 6
Basic Computer Literacy (Windows 10) (New),https://www.shl.com/solutions/products/product-catalog/view/basic-computer-literacy-windows-10-new/,30,yes,no,nan,Basic Computer Literacy (Windows 10) (New) nan Approximate Completion Time in minutes = 30
Basic Statistics (New),https://www.shl.com/solutions/products/product-catalog/view/basic-statistics-new/,10,yes,no,knowledge & skills,Basic Statistics (New) knowledge & skills Approximate Completion Time in minutes = 10
Biochemistry (New),https://www.shl.com/solutions/products/product-catalog/view/biochemistry-new/,8,yes,no,knowledge & skills,Biochemistry (New) knowledge & skills Approximate Completion Time in minutes = 8
Biotech Lab Techniques (New),https://www.shl.com/solutions/products/product-catalog/view/biotech-lab-techniques-new/,5,yes,no,knowledge & skills,Biotech Lab Techniques (New) knowledge & skills Approximate Completion Time in minutes = 5
BizTalk (New),https://www.shl.com/solutions/products/product-catalog/view/biztalk-new/,16,yes,no,knowledge & skills,BizTalk (New) knowledge & skills Approximate Completion Time in minutes = 16
Business Communication (adaptive),https://www.shl.com/solutions/products/product-catalog/view/business-communication-adaptive/,24,yes,yes,knowledge & skills,Business Communication (adaptive) knowledge & skills Approximate Completion Time in minutes = 24
Business Communications,https://www.shl.com/solutions/products/product-catalog/view/business-communications/,35,yes,no,knowledge & skills,Business Communications knowledge & skills Approximate Completion Time in minutes = 35
C Programming (New),https://www.shl.com/solutions/products/product-catalog/view/c-programming-new/,10,yes,no,knowledge & skills,C Programming (New) knowledge & skills Approximate Completion Time in minutes = 10
C# Programming (New),https://www.shl.com/solutions/products/product-catalog/view/c-programming-new-4039/,9,yes,no,knowledge & skills,C# Programming (New) knowledge & skills Approximate Completion Time in minutes = 9
C++ Programming (New),https://www.shl.com/solutions/products/product-catalog/view/c-programming-new-4122/,10,yes,no,knowledge & skills,C++ Programming (New) knowledge & skills Approximate Completion Time in minutes = 10
Cardiology and Diabetes Management (New),https://www.shl.com/solutions/products/product-catalog/view/cardiology-and-diabetes-management-new/,4,yes,no,knowledge & skills,Cardiology and Diabetes Management (New) knowledge & skills Approximate Completion Time in minutes = 4
Ceramic Engineering (New),https://www.shl.com/solutions/products/product-catalog/view/ceramic-engineering-new/,12,yes,no,knowledge & skills,Ceramic Engineering (New) knowledge & skills Approximate Completion Time in minutes = 12
Chemical Engineering (New),https://www.shl.com/solutions/products/product-catalog/view/chemical-engineering-new/,13,yes,no,knowledge & skills,Chemical Engineering (New) knowledge & skills Approximate Completion Time in minutes = 13
Cisco AppDynamics (New),https://www.shl.com/solutions/products/product-catalog/view/cisco-appdynamics-new/,9,yes,no,knowledge & skills,Cisco AppDynamics (New) knowledge & skills Approximate Completion Time in minutes = 9
Civil Engineering (New),https://www.shl.com/solutions/products/product-catalog/view/civil-engineering-new/,10,yes,no,knowledge & skills,Civil Engineering (New) knowledge & skills Approximate Completion Time in minutes = 10
Cloud Computing (New),https://www.shl.com/solutions/products/product-catalog/view/cloud-computing-new/,8,yes,no,knowledge & skills,Cloud Computing (New) knowledge & skills Approximate Completion Time in minutes = 8
COBOL Programming (New),https://www.shl.com/solutions/products/product-catalog/view/cobol-programming-new/,10,yes,no,knowledge & skills,COBOL Programming (New) knowledge & skills Approximate Completion Time in minutes = 10
Computer Science (New),https://www.shl.com/solutions/products/product-catalog/view/computer-science-new/,12,yes,no,knowledge & skills,Computer Science (New) knowledge & skills Approximate Completion Time in minutes = 12
Contact Center Call Simulation (New),https://www.shl.com/solutions/products/product-catalog/view/contact-center-call-simulation-new/,15,yes,no,simulations,Contact Center Call Simulation (New) simulations Approximate Completion Time in minutes = 15
Conversational Multichat Simulation,https://www.shl.com/solutions/products/product-catalog/view/conversational-multichat-simulation/,11,yes,no,simulations,Conversational Multichat Simulation simulations Approximate Completion Time in minutes = 11
Core Java (Advanced Level) (New),https://www.shl.com/solutions/products/product-catalog/view/core-java-advanced-level-new/,13,yes,no,knowledge & skills,Core Java (Advanced Level) (New) knowledge & skills Approximate Completion Time in minutes = 13
Core Java (Entry Level) (New),https://www.shl.com/solutions/products/product-catalog/view/core-java-entry-level-new/,13,yes,no,knowledge & skills,Core Java (Entry Level) (New) knowledge & skills Approximate Completion Time in minutes = 13
Count Out The Money,https://www.shl.com/solutions/products/product-catalog/view/count-out-the-money/,5,yes,yes,nan,Count Out The Money nan Approximate Completion Time in minutes = 5
CSS3 (New),https://www.shl.com/solutions/products/product-catalog/view/css3-new/,8,yes,no,knowledge & skills,CSS3 (New) knowledge & skills Approximate Completion Time in minutes = 8
Culinary Skills (New),https://www.shl.com/solutions/products/product-catalog/view/culinary-skills-new/,7,yes,no,knowledge & skills,Culinary Skills (New) knowledge & skills Approximate Completion Time in minutes = 7
Customer Service Phone Simulation,https://www.shl.com/solutions/products/product-catalog/view/customer-service-phone-simulation/,20,yes,no,nan,Customer Service Phone Simulation nan Approximate Completion Time in minutes = 20
Customer Service Phone Solution,https://www.shl.com/solutions/products/product-catalog/view/customer-service-phone-solution/,30,yes,no,nan,Customer Service Phone Solution nan Approximate Completion Time in minutes = 30
Cyber Risk (New),https://www.shl.com/solutions/products/product-catalog/view/cyber-risk-new/,9,yes,no,knowledge & skills,Cyber Risk (New) knowledge & skills Approximate Completion Time in minutes = 9
Data Entry (New),https://www.shl.com/solutions/products/product-catalog/view/data-entry-new/,4,yes,no,simulations,Data Entry (New) simulations Approximate Completion Time in minutes = 4
Data Entry Alphanumeric Split Screen - US,https://www.shl.com/solutions/products/product-catalog/view/data-entry-alphanumeric-split-screen-us/,5,yes,no,knowledge & skills,Data Entry Alphanumeric Split Screen - US knowledge & skills Approximate Completion Time in minutes = 5
Data Entry Numeric Split Screen - US,https://www.shl.com/solutions/products/product-catalog/view/data-entry-numeric-split-screen-us/,5,yes,no,knowledge & skills,Data Entry Numeric Split Screen - US knowledge & skills Approximate Completion Time in minutes = 5
Data Entry Ten Key Split Screen,https://www.shl.com/solutions/products/product-catalog/view/data-entry-ten-key-split-screen/,3,yes,no,knowledge & skills,Data Entry Ten Key Split Screen knowledge & skills Approximate Completion Time in minutes = 3
Data Science (New),https://www.shl.com/solutions/products/product-catalog/view/data-science-new/,14,yes,no,knowledge & skills,Data Science (New) knowledge & skills Approximate Completion Time in minutes = 14
Data Warehousing Concepts,https://www.shl.com/solutions/products/product-catalog/view/data-warehousing-concepts/,25,yes,yes,knowledge & skills,Data Warehousing Concepts knowledge & skills Approximate Completion Time in minutes = 25
Dependability and Safety Instrument (DSI),https://www.shl.com/solutions/products/product-catalog/view/dependability-and-safety-instrument-dsi/,10,yes,no,personality & behavior,Dependability and Safety Instrument (DSI) personality & behavior Approximate Completion Time in minutes = 10
Dermatology (New),https://www.shl.com/solutions/products/product-catalog/view/dermatology-new/,3,yes,no,knowledge & skills,Dermatology (New) knowledge & skills Approximate Completion Time in minutes = 3
Desktop Support (New),https://www.shl.com/solutions/products/product-catalog/view/desktop-support-new/,8,yes,no,knowledge & skills,Desktop Support (New) knowledge & skills Approximate Completion Time in minutes = 8
Digital Advertising (New),https://www.shl.com/solutions/products/product-catalog/view/digital-advertising-new/,7,yes,no,knowledge & skills,Digital Advertising (New) knowledge & skills Approximate Completion Time in minutes = 7
Digital Readiness Development Report - IC,https://www.shl.com/solutions/products/product-catalog/view/digital-readiness-development-report/,16,yes,no,personality & behavior,Digital Readiness Development Report - IC personality & behavior 
Digital Readiness Development Report - Manager,https://www.shl.com/solutions/products/product-catalog/view/digital-readiness-development-report-manager/,16,yes,no,personality & behavior,Digital Readiness Development Report - Manager personality & behavior 
Docker (New),https://www.shl.com/solutions/products/product-catalog/view/docker-new/,10,yes,no,knowledge & skills,Docker (New) knowledge & skills Approximate Completion Time in minutes = 10
Dojo (New),https://www.shl.com/solutions/products/product-catalog/view/dojo-new/,11,yes,no,knowledge & skills,Dojo (New) knowledge & skills Approximate Completion Time in minutes = 11
Drupal (New),https://www.shl.com/solutions/products/product-catalog/view/drupal-new/,17,yes,no,knowledge & skills,Drupal (New) knowledge & skills Approximate Completion Time in minutes = 17
DSI v1.1 Interpretation Report,https://www.shl.com/solutions/products/product-catalog/view/dsi-v1-1-interpretation-report/,16,yes,no,personality & behavior,DSI v1.1 Interpretation Report personality & behavior 
Econometrics (New),https://www.shl.com/solutions/products/product-catalog/view/econometrics-new/,11,yes,no,knowledge & skills,Econometrics (New) knowledge & skills Approximate Completion Time in minutes = 11
Economics (New),https://www.shl.com/solutions/products/product-catalog/view/economics-new/,13,yes,no,knowledge & skills,Economics (New) knowledge & skills Approximate Completion Time in minutes = 13
Electrical and Electronics Engineering (New),https://www.shl.com/solutions/products/product-catalog/view/electrical-and-electronics-engineering-new/,14,yes,no,knowledge & skills,Electrical and Electronics Engineering (New) knowledge & skills Approximate Completion Time in minutes = 14
Electrical Engineering (New),https://www.shl.com/solutions/products/product-catalog/view/electrical-engineering-new/,8,yes,no,knowledge & skills,Electrical Engineering (New) knowledge & skills Approximate Completion Time in minutes = 8
Electronics & Telecommunications Engineering (New),https://www.shl.com/solutions/products/product-catalog/view/electronics-and-telecommunications-engineering-new/,15,yes,no,knowledge & skills,Electronics & Telecommunications Engineering (New) knowledge & skills Approximate Completion Time in minutes = 15
Electronics and Embedded Systems Engineering (New),https://www.shl.com/solutions/products/product-catalog/view/electronics-and-embedded-systems-engineering-new/,18,yes,no,knowledge & skills,Electronics and Embedded Systems Engineering (New) knowledge & skills Approximate Completion Time in minutes = 18
Electronics and Semiconductor Engineering (New),https://www.shl.com/solutions/products/product-catalog/view/electronics-and-semiconductor-engineering-new/,7,yes,no,knowledge & skills,Electronics and Semiconductor Engineering (New) knowledge & skills Approximate Completion Time in minutes = 7
English Comprehension (New),https://www.shl.com/solutions/products/product-catalog/view/english-comprehension-new/,9,yes,no,knowledge & skills,English Comprehension (New) knowledge & skills Approximate Completion Time in minutes = 0
Enterprise Java Beans (New),https://www.shl.com/solutions/products/product-catalog/view/enterprise-java-beans-new/,4,yes,no,knowledge & skills,Enterprise Java Beans (New) knowledge & skills Approximate Completion Time in minutes = 4
Enterprise Leadership Report 1.0,https://www.shl.com/solutions/products/product-catalog/view/enterprise-leadership-report/,16,yes,no,personality & behavior,Enterprise Leadership Report 1.0 personality & behavior 
Enterprise Leadership Report 2.0,https://www.shl.com/solutions/products/product-catalog/view/enterprise-leadership-report-2-0/,16,yes,no,personality & behavior,Enterprise Leadership Report 2.0 personality & behavior 
Entry Level Cashier Solution,https://www.shl.com/solutions/products/product-catalog/view/entry-level-cashier-solution/,19,yes,no,nan,Entry Level Cashier Solution nan Approximate Completion Time in minutes = 19
Entry Level Customer Serv-Retail & Contact Center,https://www.shl.com/solutions/products/product-catalog/view/entry-level-customer-serv-retail-and-contact-center/,19,yes,no,nan,Entry Level Customer Serv-Retail & Contact Center nan Approximate Completion Time in minutes = 19
Entry Level Customer Service (General) Solution,https://www.shl.com/solutions/products/product-catalog/view/entry-level-customer-service-general-solution/,14,yes,no,nan,Entry Level Customer Service (General) Solution nan Approximate Completion Time in minutes = 14
Entry Level Hotel Front Desk Solution,https://www.shl.com/solutions/products/product-catalog/view/entry-level-hotel-front-desk-solution/,20,yes,no,nan,Entry Level Hotel Front Desk Solution nan Approximate Completion Time in minutes = 20
Entry Level Sales Solution,https://www.shl.com/solutions/products/product-catalog/view/entry-level-sales-solution/,20,yes,no,nan,Entry Level Sales Solution nan Approximate Completion Time in minutes = 20
Entry Level Technical Support Solution,https://www.shl.com/solutions/products/product-catalog/view/entry-level-technical-support-solution/,18,yes,no,nan,Entry Level Technical Support Solution nan Approximate Completion Time in minutes = 18
ETL Testing (New),https://www.shl.com/solutions/products/product-catalog/view/etl-testing-new/,9,yes,no,knowledge & skills,ETL Testing (New) knowledge & skills Approximate Completion Time in minutes = 9
Executive Scenarios,https://www.shl.com/solutions/products/product-catalog/view/executive-scenarios/,10,yes,no,biodata & situational judgement,Executive Scenarios biodata & situational judgement Approximate Completion Time in minutes = Untimed
Executive Scenarios Narrative Report,https://www.shl.com/solutions/products/product-catalog/view/executive-scenarios-narrative-report/,10,yes,no,biodata & situational judgement,Executive Scenarios Narrative Report biodata & situational judgement 
Executive Scenarios Profile Report,https://www.shl.com/solutions/products/product-catalog/view/executive-scenarios-profile-report/,10,yes,no,biodata & situational judgement,Executive Scenarios Profile Report biodata & situational judgement 
ExpressJS (New),https://www.shl.com/solutions/products/product-catalog/view/expressjs-new/,7,yes,no,knowledge & skills,ExpressJS (New) knowledge & skills Approximate Completion Time in minutes = 7
Filing - Names (R1),https://www.shl.com/solutions/products/product-catalog/view/filing-names-r1/,3,yes,no,knowledge & skills,Filing - Names (R1) knowledge & skills Approximate Completion Time in minutes = 3
Filing - Numbers,https://www.shl.com/solutions/products/product-catalog/view/filing-numbers/,3,yes,no,knowledge & skills,Filing - Numbers knowledge & skills Approximate Completion Time in minutes = 3
Financial Accounting (New),https://www.shl.com/solutions/products/product-catalog/view/financial-accounting-new/,9,yes,no,knowledge & skills,Financial Accounting (New) knowledge & skills Approximate Completion Time in minutes = 9
Financial and Banking Services (New),https://www.shl.com/solutions/products/product-catalog/view/financial-and-banking-services-new/,9,yes,no,knowledge & skills,Financial and Banking Services (New) knowledge & skills Approximate Completion Time in minutes = 9
Fire Engineering (New),https://www.shl.com/solutions/products/product-catalog/view/fire-engineering-new/,10,yes,no,knowledge & skills,Fire Engineering (New) knowledge & skills Approximate Completion Time in minutes = 10
Following Instructions v1 - UK (R1),https://www.shl.com/solutions/products/product-catalog/view/following-instructions-v1-uk-r1/,8,yes,no,knowledge & skills,Following Instructions v1 - UK (R1) knowledge & skills Approximate Completion Time in minutes = 8
Following Instructions v1 - US (R2),https://www.shl.com/solutions/products/product-catalog/view/following-instructions-v1-us-r2/,8,yes,no,knowledge & skills,Following Instructions v1 - US (R2) knowledge & skills Approximate Completion Time in minutes = 8
Food and Beverage Services (New),https://www.shl.com/solutions/products/product-catalog/view/food-and-beverage-services-new/,7,yes,no,knowledge & skills,Food and Beverage Services (New) knowledge & skills Approximate Completion Time in minutes = 7
Food Science (New),https://www.shl.com/solutions/products/product-catalog/view/food-science-new/,6,yes,no,knowledge & skills,Food Science (New) knowledge & skills Approximate Completion Time in minutes = 6
Front Office Management (New),https://www.shl.com/solutions/products/product-catalog/view/front-office-management-new/,7,yes,no,knowledge & skills,Front Office Management (New) knowledge & skills Approximate Completion Time in minutes = 7
Fundamentals of Chemistry (New),https://www.shl.com/solutions/products/product-catalog/view/fundamentals-of-chemistry-new/,8,yes,no,knowledge & skills,Fundamentals of Chemistry (New) knowledge & skills Approximate Completion Time in minutes = 8
Fundamentals of Physics (New),https://www.shl.com/solutions/products/product-catalog/view/fundamentals-of-physics-new/,8,yes,no,knowledge & skills,Fundamentals of Physics (New) knowledge & skills Approximate Completion Time in minutes = 8
General Diseases (New),https://www.shl.com/solutions/products/product-catalog/view/general-diseases-new/,5,yes,no,knowledge & skills,General Diseases (New) knowledge & skills Approximate Completion Time in minutes = 5
Geoinformatics Engineering (New),https://www.shl.com/solutions/products/product-catalog/view/geoinformatics-engineering-new/,10,yes,no,knowledge & skills,Geoinformatics Engineering (New) knowledge & skills Approximate Completion Time in minutes = 10
Geoscience Engineering (New),https://www.shl.com/solutions/products/product-catalog/view/geoscience-engineering-new/,8,yes,no,knowledge & skills,Geoscience Engineering (New) knowledge & skills Approximate Completion Time in minutes = 8
GIT (New),https://www.shl.com/solutions/products/product-catalog/view/git-new/,13,yes,no,knowledge & skills,GIT (New) knowledge & skills Approximate Completion Time in minutes = 13
Global Skills Assessment,https://www.shl.com/solutions/products/product-catalog/view/global-skills-assessment/,16,yes,no,nan,Global Skills Assessment nan Approximate Completion Time in minutes = 16
Graduate Scenarios,https://www.shl.com/solutions/products/product-catalog/view/graduate-scenarios/,10,yes,no,biodata & situational judgement,Graduate Scenarios biodata & situational judgement Approximate Completion Time in minutes = Untimed
Graduate Scenarios Narrative Report,https://www.shl.com/solutions/products/product-catalog/view/graduate-scenarios-narrative-report/,10,yes,no,biodata & situational judgement,Graduate Scenarios Narrative Report biodata & situational judgement 
Graduate Scenarios Profile Report,https://www.shl.com/solutions/products/product-catalog/view/graduate-scenarios-profile-report/,10,yes,no,biodata & situational judgement,Graduate Scenarios Profile Report biodata & situational judgement 
Hibernate (New),https://www.shl.com/solutions/products/product-catalog/view/hibernate-new/,5,yes,no,knowledge & skills,Hibernate (New) knowledge & skills Approximate Completion Time in minutes = 5
HIPAA (Security),https://www.shl.com/solutions/products/product-catalog/view/hipaa-security/,15,yes,yes,knowledge & skills,HIPAA (Security) knowledge & skills Approximate Completion Time in minutes = 15 to 35
HiPo Assessment Report 1.0,https://www.shl.com/solutions/products/product-catalog/view/hipo-assessment-report-1-0/,10,yes,no,nan,HiPo Assessment Report 1.0 nan 
HiPo Assessment Report 2.0,https://www.shl.com/solutions/products/product-catalog/view/hipo-assessment-report-2-0/,10,yes,no,nan,HiPo Assessment Report 2.0 nan 
HiPo Unlocking Potential Report 2.0,https://www.shl.com/solutions/products/product-catalog/view/hipo-unlocking-potential-report-2-0/,10,yes,no,competencies,HiPo Unlocking Potential Report 2.0 competencies 
Housekeeping (New),https://www.shl.com/solutions/products/product-catalog/view/housekeeping-new/,7,yes,no,knowledge & skills,Housekeeping (New) knowledge & skills Approximate Completion Time in minutes = 7
HTML/CSS (New),https://www.shl.com/solutions/products/product-catalog/view/htmlcss-new/,12,yes,no,knowledge & skills,HTML/CSS (New) knowledge & skills Approximate Completion Time in minutes = 12
HTML5 (New),https://www.shl.com/solutions/products/product-catalog/view/html5-new/,11,yes,no,knowledge & skills,HTML5 (New) knowledge & skills Approximate Completion Time in minutes = 11
Human Resources (New),https://www.shl.com/solutions/products/product-catalog/view/human-resources-new/,8,yes,no,knowledge & skills,Human Resources (New) knowledge & skills Approximate Completion Time in minutes = 8
IBM DataStage (New),https://www.shl.com/solutions/products/product-catalog/view/ibm-datastage-new/,15,yes,no,knowledge & skills,IBM DataStage (New) knowledge & skills Approximate Completion Time in minutes = 15
IBM Sterling Order Management System (New),https://www.shl.com/solutions/products/product-catalog/view/ibm-sterling-order-management-system-new/,13,yes,no,knowledge & skills,IBM Sterling Order Management System (New) knowledge & skills Approximate Completion Time in minutes = 13
Industrial Engineering (New),https://www.shl.com/solutions/products/product-catalog/view/industrial-engineering-new/,9,yes,no,knowledge & skills,Industrial Engineering (New) knowledge & skills Approximate Completion Time in minutes = 9
Informatica (Architecture) (New),https://www.shl.com/solutions/products/product-catalog/view/informatica-architecture-new/,10,yes,no,knowledge & skills,Informatica (Architecture) (New) knowledge & skills Approximate Completion Time in minutes = 10
Informatica (Developer) (New),https://www.shl.com/solutions/products/product-catalog/view/informatica-developer-new/,11,yes,no,knowledge & skills,Informatica (Developer) (New) knowledge & skills Approximate Completion Time in minutes = 11
Jenkins (New),https://www.shl.com/solutions/products/product-catalog/view/jenkins-new/,6,yes,no,knowledge & skills,Jenkins (New) knowledge & skills Approximate Completion Time in minutes = 6
Job Control Language (New),https://www.shl.com/solutions/products/product-catalog/view/job-control-language-new/,10,yes,no,knowledge & skills,Job Control Language (New) knowledge & skills Approximate Completion Time in minutes = 10
jQuery (New),https://www.shl.com/solutions/products/product-catalog/view/jquery-new/,10,yes,no,knowledge & skills,jQuery (New) knowledge & skills Approximate Completion Time in minutes = 10
Kubernetes (New),https://www.shl.com/solutions/products/product-catalog/view/kubernetes-new/,6,yes,no,knowledge & skills,Kubernetes (New) knowledge & skills Approximate Completion Time in minutes = 6
Linux Administration (New),https://www.shl.com/solutions/products/product-catalog/view/linux-administration-new/,10,yes,no,knowledge & skills,Linux Administration (New) knowledge & skills Approximate Completion Time in minutes = 10
Linux Operating System,https://www.shl.com/solutions/products/product-catalog/view/linux-operating-system/,15,yes,no,knowledge & skills,Linux Operating System knowledge & skills Approximate Completion Time in minutes = 15
Linux Programming (General),https://www.shl.com/solutions/products/product-catalog/view/linux-programming-general/,25,yes,yes,knowledge & skills,Linux Programming (General) knowledge & skills Approximate Completion Time in minutes = 25
Load Runner (New),https://www.shl.com/solutions/products/product-catalog/view/load-runner-new/,6,yes,no,knowledge & skills,Load Runner (New) knowledge & skills Approximate Completion Time in minutes = 6
Management Scenarios,https://www.shl.com/solutions/products/product-catalog/view/management-scenarios/,10,yes,no,biodata & situational judgement,Management Scenarios biodata & situational judgement Approximate Completion Time in minutes = Untimed
Managerial Scenarios Candidate Report,https://www.shl.com/solutions/products/product-catalog/view/managerial-scenarios-candidate-report/,10,yes,no,biodata & situational judgement,Managerial Scenarios Candidate Report biodata & situational judgement 
Managerial Scenarios Narrative Report,https://www.shl.com/solutions/products/product-catalog/view/managerial-scenarios-narrative-report/,10,yes,no,biodata & situational judgement,Managerial Scenarios Narrative Report biodata & situational judgement 
Managerial Scenarios Profile Report,https://www.shl.com/solutions/products/product-catalog/view/managerial-scenarios-profile-report/,10,yes,no,biodata & situational judgement,Managerial Scenarios Profile Report biodata & situational judgement 
Manual Testing (New),https://www.shl.com/solutions/products/product-catalog/view/manual-testing-new/,10,yes,no,knowledge & skills,Manual Testing (New) knowledge & skills Approximate Completion Time in minutes = 10
Manufac. & Indust. - Mechanical & Vigilance 8.0,https://www.shl.com/solutions/products/product-catalog/view/mechanical-and-vigilance-focus-8-0/,49,yes,no,nan,Manufac. & Indust. - Mechanical & Vigilance 8.0 nan Approximate Completion Time in minutes = 49
Manufac. & Indust. - Safety & Dependability 8.0,https://www.shl.com/solutions/products/product-catalog/view/safety-and-dependability-focus-8-0/,16,yes,no,personality & behavior,Manufac. & Indust. - Safety & Dependability 8.0 personality & behavior Approximate Completion Time in minutes = 16
Manufacturing & Industrial - Essential Focus 8.0,https://www.shl.com/solutions/products/product-catalog/view/essential-focus-8-0/,16,yes,no,personality & behavior,Manufacturing & Industrial - Essential Focus 8.0 personality & behavior Approximate Completion Time in minutes = 16
Manufacturing & Industrial - Mechanical Focus 8.0,https://www.shl.com/solutions/products/product-catalog/view/mechanical-focus-8-0/,31,yes,no,nan,Manufacturing & Industrial - Mechanical Focus 8.0 nan Approximate Completion Time in minutes = 31
Manufacturing & Industrial - Vigilance Focus 8.0,https://www.shl.com/solutions/products/product-catalog/view/vigilance-focus-8-0/,34,yes,no,nan,Manufacturing & Industrial - Vigilance Focus 8.0 nan Approximate Completion Time in minutes = 34
Marketing (New),https://www.shl.com/solutions/products/product-catalog/view/marketing-new/,9,yes,no,knowledge & skills,Marketing (New) knowledge & skills Approximate Completion Time in minutes = 9
Maven (New),https://www.shl.com/solutions/products/product-catalog/view/maven-new/,7,yes,no,knowledge & skills,Maven (New) knowledge & skills Approximate Completion Time in minutes = 7
Mechanical Engineering (New),https://www.shl.com/solutions/products/product-catalog/view/mechanical-engineering-new/,7,yes,no,knowledge & skills,Mechanical Engineering (New) knowledge & skills Approximate Completion Time in minutes = 7
Mechatronics Engineering (New),https://www.shl.com/solutions/products/product-catalog/view/mechatronics-engineering-new/,19,yes,no,knowledge & skills,Mechatronics Engineering (New) knowledge & skills Approximate Completion Time in minutes = 19
Medical Terminology (New),https://www.shl.com/solutions/products/product-catalog/view/medical-terminology-new/,3,yes,no,knowledge & skills,Medical Terminology (New) knowledge & skills Approximate Completion Time in minutes = 3
Metallurgical Engineering (New),https://www.shl.com/solutions/products/product-catalog/view/metallurgical-engineering-new/,10,yes,no,knowledge & skills,Metallurgical Engineering (New) knowledge & skills Approximate Completion Time in minutes = 10
MFS 360 Enterprise Leadership Report,https://www.shl.com/solutions/products/product-catalog/view/mfs-360-enterprise-leadership-report/,10,yes,no,development & 360,MFS 360 Enterprise Leadership Report development & 360 
MFS 360 UCF Group Report,https://www.shl.com/solutions/products/product-catalog/view/mfs-360-ucf-group-report/,10,yes,no,development & 360,MFS 360 UCF Group Report development & 360 
MFS 360 UCF Performance Potential Dev Tips Report,https://www.shl.com/solutions/products/product-catalog/view/mfs-360-ucf-performance-potential-dev-tips-report/,10,yes,no,development & 360,MFS 360 UCF Performance Potential Dev Tips Report development & 360 
MFS 360 UCF Standard Report,https://www.shl.com/solutions/products/product-catalog/view/mfs-360-ucf-standard-report/,10,yes,no,development & 360,MFS 360 UCF Standard Report development & 360 
Micro Focus Unified Functional Testing (New),https://www.shl.com/solutions/products/product-catalog/view/micro-focus-unified-functional-testing-new/,12,yes,no,knowledge & skills,Micro Focus Unified Functional Testing (New) knowledge & skills Approximate Completion Time in minutes = 12
Microservices (New),https://www.shl.com/solutions/products/product-catalog/view/microservices-new/,7,yes,no,knowledge & skills,Microservices (New) knowledge & skills Approximate Completion Time in minutes = 7
Microsoft Dynamics Development (New),https://www.shl.com/solutions/products/product-catalog/view/microsoft-dynamics-development-new/,9,yes,no,knowledge & skills,Microsoft Dynamics Development (New) knowledge & skills Approximate Completion Time in minutes = 9
Microsoft Excel 365 - Essentials (New),https://www.shl.com/solutions/products/product-catalog/view/microsoft-excel-365-essentials-new/,30,yes,no,nan,Microsoft Excel 365 - Essentials (New) nan Approximate Completion Time in minutes = 30
Microsoft Excel 365 (New),https://www.shl.com/solutions/products/product-catalog/view/microsoft-excel-365-new/,35,yes,no,nan,Microsoft Excel 365 (New) nan Approximate Completion Time in minutes = 35
Microsoft Outlook 2013 (adaptive),https://www.shl.com/solutions/products/product-catalog/view/microsoft-outlook-2013-adaptive/,25,yes,yes,knowledge & skills,Microsoft Outlook 2013 (adaptive) knowledge & skills Approximate Completion Time in minutes = 25
Microsoft PowerPoint 365 - Essentials (New),https://www.shl.com/solutions/products/product-catalog/view/microsoft-powerpoint-365-essentials-new/,25,yes,no,nan,Microsoft PowerPoint 365 - Essentials (New) nan Approximate Completion Time in minutes = 25
Microsoft SQL Server 2014 Programming,https://www.shl.com/solutions/products/product-catalog/view/microsoft-sql-server-2014-programming/,35,yes,yes,knowledge & skills,Microsoft SQL Server 2014 Programming knowledge & skills Approximate Completion Time in minutes = 35
Microsoft Windows Server 2012 Administration,https://www.shl.com/solutions/products/product-catalog/view/microsoft-windows-server-2012-administration/,35,yes,yes,knowledge & skills,Microsoft Windows Server 2012 Administration knowledge & skills Approximate Completion Time in minutes = 35
Microsoft Word 365 - Essentials (New),https://www.shl.com/solutions/products/product-catalog/view/microsoft-word-365-essentials-new/,25,yes,no,nan,Microsoft Word 365 - Essentials (New) nan Approximate Completion Time in minutes = 25
Microsoft Word 365 (New),https://www.shl.com/solutions/products/product-catalog/view/microsoft-word-365-new/,35,yes,no,nan,Microsoft Word 365 (New) nan Approximate Completion Time in minutes = 35
Mineral Engineering (New),https://www.shl.com/solutions/products/product-catalog/view/mineral-engineering-new/,12,yes,no,knowledge & skills,Mineral Engineering (New) knowledge & skills Approximate Completion Time in minutes = 12
Mining Engineering (New),https://www.shl.com/solutions/products/product-catalog/view/mining-engineering-new/,16,yes,no,knowledge & skills,Mining Engineering (New) knowledge & skills Approximate Completion Time in minutes = 16
Mobility (New),https://www.shl.com/solutions/products/product-catalog/view/mobility-new/,9,yes,no,knowledge & skills,Mobility (New) knowledge & skills Approximate Completion Time in minutes = 9
Molecular Biology (New),https://www.shl.com/solutions/products/product-catalog/view/molecular-biology-new/,6,yes,no,knowledge & skills,Molecular Biology (New) knowledge & skills Approximate Completion Time in minutes = 6
MongoDB (New),https://www.shl.com/solutions/products/product-catalog/view/mongodb-new/,7,yes,no,knowledge & skills,MongoDB (New) knowledge & skills Approximate Completion Time in minutes = 7
Motivation Questionnaire MQM5,https://www.shl.com/solutions/products/product-catalog/view/motivation-questionnaire-mqm5/,16,yes,no,personality & behavior,"Motivation Questionnaire MQM5 personality & behavior Approximate Completion Time in minutes = Untimed, approx. 25"
MQ Candidate Motivation Report,https://www.shl.com/solutions/products/product-catalog/view/mq-candidate-motivation-report/,16,yes,no,personality & behavior,MQ Candidate Motivation Report personality & behavior 
MQ Employee Motivation Report,https://www.shl.com/solutions/products/product-catalog/view/mq-employee-motivation-report/,16,yes,no,personality & behavior,MQ Employee Motivation Report personality & behavior 
MQ Motivation Report Pack,https://www.shl.com/solutions/products/product-catalog/view/mq-motivation-report-pack/,16,yes,no,personality & behavior,MQ Motivation Report Pack personality & behavior 
MQ Profile,https://www.shl.com/solutions/products/product-catalog/view/mq-profile/,16,yes,no,personality & behavior,MQ Profile personality & behavior 
MS Access (New),https://www.shl.com/solutions/products/product-catalog/view/ms-access-new/,7,yes,no,knowledge & skills,MS Access (New) knowledge & skills Approximate Completion Time in minutes = 7
MS Excel (New),https://www.shl.com/solutions/products/product-catalog/view/ms-excel-new/,6,yes,no,knowledge & skills,MS Excel (New) knowledge & skills Approximate Completion Time in minutes = 6
MS Office Basic Computer Literacy (New),https://www.shl.com/solutions/products/product-catalog/view/ms-office-basic-computer-literacy-new/,7,yes,no,knowledge & skills,MS Office Basic Computer Literacy (New) knowledge & skills Approximate Completion Time in minutes = 7
MS Office Basic Computer Literacy (Sim) (New),https://www.shl.com/solutions/products/product-catalog/view/ms-office-basic-computer-literacy-sim-new/,5,yes,no,simulations,MS Office Basic Computer Literacy (Sim) (New) simulations Approximate Completion Time in minutes = 5
MS PowerPoint (New),https://www.shl.com/solutions/products/product-catalog/view/ms-powerpoint-new/,4,yes,no,knowledge & skills,MS PowerPoint (New) knowledge & skills Approximate Completion Time in minutes = 4
MS Word (New),https://www.shl.com/solutions/products/product-catalog/view/ms-word-new/,4,yes,no,knowledge & skills,MS Word (New) knowledge & skills Approximate Completion Time in minutes = 4
MuleSoft Development (New),https://www.shl.com/solutions/products/product-catalog/view/mulesoft-development-new/,17,yes,no,knowledge & skills,MuleSoft Development (New) knowledge & skills Approximate Completion Time in minutes = 17
Multitasking Ability,https://www.shl.com/solutions/products/product-catalog/view/multitasking-ability/,20,yes,no,nan,Multitasking Ability nan Approximate Completion Time in minutes = 20
Networking and Implementation (New),https://www.shl.com/solutions/products/product-catalog/view/networking-and-implementation-new/,7,yes,no,knowledge & skills,Networking and Implementation (New) knowledge & skills Approximate Completion Time in minutes = 7
Node.js (New),https://www.shl.com/solutions/products/product-catalog/view/node-js-new/,9,yes,no,knowledge & skills,Node.js (New) knowledge & skills Approximate Completion Time in minutes = 9
Nursing (New),https://www.shl.com/solutions/products/product-catalog/view/nursing-new/,11,yes,no,knowledge & skills,Nursing (New) knowledge & skills Approximate Completion Time in minutes = 11
Occupational Personality Questionnaire OPQ32r,https://www.shl.com/solutions/products/product-catalog/view/occupational-personality-questionnaire-opq32r/,16,yes,no,personality & behavior,"Occupational Personality Questionnaire OPQ32r personality & behavior Approximate Completion Time in minutes = Untimed, approx. 25"
Operations Management (New),https://www.shl.com/solutions/products/product-catalog/view/operations-management-new/,7,yes,no,knowledge & skills,Operations Management (New) knowledge & skills Approximate Completion Time in minutes = 7
OPQ Candidate Plus Report,https://www.shl.com/solutions/products/product-catalog/view/opq-candidate-plus-report/,16,yes,no,personality & behavior,OPQ Candidate Plus Report personality & behavior 
OPQ Candidate Report 2.0,https://www.shl.com/solutions/products/product-catalog/view/opq-candidate-report-2-0/,16,yes,no,personality & behavior,OPQ Candidate Report 2.0 personality & behavior 
OPQ Emotional Intelligence Report,https://www.shl.com/solutions/products/product-catalog/view/opq-emotional-intelligence-report/,16,yes,no,personality & behavior,OPQ Emotional Intelligence Report personality & behavior 
OPQ Leadership Report,https://www.shl.com/solutions/products/product-catalog/view/opq-leadership-report/,16,yes,no,personality & behavior,OPQ Leadership Report personality & behavior 
OPQ Manager Plus Report,https://www.shl.com/solutions/products/product-catalog/view/opq-manager-plus-report/,16,yes,no,personality & behavior,OPQ Manager Plus Report personality & behavior 
OPQ Manager Plus Report 2.0,https://www.shl.com/solutions/products/product-catalog/view/opq-manager-plus-report-2-0/,16,yes,no,personality & behavior,OPQ Manager Plus Report 2.0 personality & behavior 
OPQ Maximising your Learning Report,https://www.shl.com/solutions/products/product-catalog/view/opq-maximising-your-learning-report/,16,yes,no,personality & behavior,OPQ Maximising your Learning Report personality & behavior 
OPQ MQ Sales Report,https://www.shl.com/solutions/products/product-catalog/view/opq-mq-sales-report/,16,yes,no,personality & behavior,OPQ MQ Sales Report personality & behavior 
OPQ Premium Plus Report,https://www.shl.com/solutions/products/product-catalog/view/opq-premium-plus-report/,16,yes,no,personality & behavior,OPQ Premium Plus Report personality & behavior 
OPQ Premium Plus Report 2.0,https://www.shl.com/solutions/products/product-catalog/view/opq-premium-plus-report-2-0/,16,yes,no,personality & behavior,OPQ Premium Plus Report 2.0 personality & behavior 
OPQ Profile Report,https://www.shl.com/solutions/products/product-catalog/view/opq-profile-report/,16,yes,no,personality & behavior,OPQ Profile Report personality & behavior 
OPQ Team Impact Group Development Report,https://www.shl.com/solutions/products/product-catalog/view/opq-team-impact-group-development-report/,16,yes,no,personality & behavior,OPQ Team Impact Group Development Report personality & behavior 
OPQ Team Impact Individual Development Report,https://www.shl.com/solutions/products/product-catalog/view/opq-team-impact-individual-development-report/,16,yes,no,personality & behavior,OPQ Team Impact Individual Development Report personality & behavior 
OPQ Team Impact Selection Report,https://www.shl.com/solutions/products/product-catalog/view/opq-team-impact-selection-report/,16,yes,no,personality & behavior,OPQ Team Impact Selection Report personality & behavior 
OPQ Team Types & Leadership Styles Profile,https://www.shl.com/solutions/products/product-catalog/view/opq-team-types-and-leadership-styles-profile/,16,yes,no,personality & behavior,OPQ Team Types & Leadership Styles Profile personality & behavior 
OPQ Team Types and Leadership Styles Report,https://www.shl.com/solutions/products/product-catalog/view/opq-team-types-and-leadership-styles-report/,16,yes,no,personality & behavior,OPQ Team Types and Leadership Styles Report personality & behavior 
OPQ UCF Development Action Planner Report 1.0,https://www.shl.com/solutions/products/product-catalog/view/opq-ucf-development-action-planner-report/,16,yes,no,personality & behavior,OPQ UCF Development Action Planner Report 1.0 personality & behavior 
OPQ UCF Development Action Planner Report 2.0,https://www.shl.com/solutions/products/product-catalog/view/opq-ucf-development-action-planner-report-2-0/,16,yes,no,personality & behavior,OPQ UCF Development Action Planner Report 2.0 personality & behavior 
OPQ Universal Competency Report 1.0,https://www.shl.com/solutions/products/product-catalog/view/opq-universal-competency-report/,16,yes,no,personality & behavior,OPQ Universal Competency Report 1.0 personality & behavior 
OPQ Universal Competency Report 2.0,https://www.shl.com/solutions/products/product-catalog/view/opq-universal-competency-report-2-0/,16,yes,no,personality & behavior,OPQ Universal Competency Report 2.0 personality & behavior 
OPQ User and Managers Report,https://www.shl.com/solutions/products/product-catalog/view/opq-user-and-managers-report/,16,yes,no,personality & behavior,OPQ User and Managers Report personality & behavior 
OPQ User Report,https://www.shl.com/solutions/products/product-catalog/view/opq-user-report/,10,yes,no,nan,OPQ User Report nan 
Oracle DBA (Advanced Level) (New),https://www.shl.com/solutions/products/product-catalog/view/oracle-dba-advanced-level-new/,12,yes,no,knowledge & skills,Oracle DBA (Advanced Level) (New) knowledge & skills Approximate Completion Time in minutes = 12
Oracle DBA (Entry Level) (New),https://www.shl.com/solutions/products/product-catalog/view/oracle-dba-entry-level-new/,12,yes,no,knowledge & skills,Oracle DBA (Entry Level) (New) knowledge & skills Approximate Completion Time in minutes = 12
Oracle PL/SQL (New),https://www.shl.com/solutions/products/product-catalog/view/oracle-plsql-new/,11,yes,no,knowledge & skills,Oracle PL/SQL (New) knowledge & skills Approximate Completion Time in minutes = 11
Oracle WebLogic Server (New),https://www.shl.com/solutions/products/product-catalog/view/oracle-weblogic-server-new/,7,yes,no,knowledge & skills,Oracle WebLogic Server (New) knowledge & skills Approximate Completion Time in minutes = 7
Organic Chemistry (New),https://www.shl.com/solutions/products/product-catalog/view/organic-chemistry-new/,10,yes,no,knowledge & skills,Organic Chemistry (New) knowledge & skills Approximate Completion Time in minutes = 10
Paint Technology (New),https://www.shl.com/solutions/products/product-catalog/view/paint-technology-new/,7,yes,no,knowledge & skills,Paint Technology (New) knowledge & skills Approximate Completion Time in minutes = 7
Pediatrics (New),https://www.shl.com/solutions/products/product-catalog/view/pediatrics-new/,5,yes,no,knowledge & skills,Pediatrics (New) knowledge & skills Approximate Completion Time in minutes = 5
Pega Development (New),https://www.shl.com/solutions/products/product-catalog/view/pega-development-new/,17,yes,no,knowledge & skills,Pega Development (New) knowledge & skills Approximate Completion Time in minutes = 17
Perl (New),https://www.shl.com/solutions/products/product-catalog/view/perl-new/,9,yes,no,knowledge & skills,Perl (New) knowledge & skills Approximate Completion Time in minutes = 9
Petrochemical Engineering (New),https://www.shl.com/solutions/products/product-catalog/view/petrochemical-engineering-new/,7,yes,no,knowledge & skills,Petrochemical Engineering (New) knowledge & skills Approximate Completion Time in minutes = 7
Petroleum Engineering (New),https://www.shl.com/solutions/products/product-catalog/view/petroleum-engineering-new/,10,yes,no,knowledge & skills,Petroleum Engineering (New) knowledge & skills Approximate Completion Time in minutes = 10
Pharmaceutical Analysis (New),https://www.shl.com/solutions/products/product-catalog/view/pharmaceutical-analysis-new/,12,yes,no,knowledge & skills,Pharmaceutical Analysis (New) knowledge & skills Approximate Completion Time in minutes = 12
Pharmaceutical Chemistry (New),https://www.shl.com/solutions/products/product-catalog/view/pharmaceutical-chemistry-new/,17,yes,no,knowledge & skills,Pharmaceutical Chemistry (New) knowledge & skills Approximate Completion Time in minutes = 17
Pharmaceutical Science (New),https://www.shl.com/solutions/products/product-catalog/view/pharmaceutical-science-new/,7,yes,no,knowledge & skills,Pharmaceutical Science (New) knowledge & skills Approximate Completion Time in minutes = 7
Pharmaceutics (New),https://www.shl.com/solutions/products/product-catalog/view/pharmaceutics-new/,12,yes,no,knowledge & skills,Pharmaceutics (New) knowledge & skills Approximate Completion Time in minutes = 12
Pharmacology (New),https://www.shl.com/solutions/products/product-catalog/view/pharmacology-new/,12,yes,no,knowledge & skills,Pharmacology (New) knowledge & skills Approximate Completion Time in minutes = 12
PHP (New),https://www.shl.com/solutions/products/product-catalog/view/php-new/,8,yes,no,knowledge & skills,PHP (New) knowledge & skills Approximate Completion Time in minutes = 8
PJM Development Report,https://www.shl.com/solutions/products/product-catalog/view/pjm-development-report/,10,yes,no,nan,PJM Development Report nan 
PJM Selection Report,https://www.shl.com/solutions/products/product-catalog/view/pjm-selection-report/,10,yes,no,nan,PJM Selection Report nan 
Polymer Engineering (New),https://www.shl.com/solutions/products/product-catalog/view/polymer-engineering-new/,8,yes,no,knowledge & skills,Polymer Engineering (New) knowledge & skills Approximate Completion Time in minutes = 8
Power Electronics and Drives (New),https://www.shl.com/solutions/products/product-catalog/view/power-electronics-and-drives-new/,15,yes,no,knowledge & skills,Power Electronics and Drives (New) knowledge & skills Approximate Completion Time in minutes = 15
Power System Engineering (New),https://www.shl.com/solutions/products/product-catalog/view/power-system-engineering-new/,12,yes,no,knowledge & skills,Power System Engineering (New) knowledge & skills Approximate Completion Time in minutes = 12
Prism (New),https://www.shl.com/solutions/products/product-catalog/view/prism-new/,4,yes,no,knowledge & skills,Prism (New) knowledge & skills Approximate Completion Time in minutes = 4
Production and Industrial Engineering (New),https://www.shl.com/solutions/products/product-catalog/view/production-and-industrial-engineering-new/,13,yes,no,knowledge & skills,Production and Industrial Engineering (New) knowledge & skills Approximate Completion Time in minutes = 13
Production Engineering (New),https://www.shl.com/solutions/products/product-catalog/view/production-engineering-new/,10,yes,no,knowledge & skills,Production Engineering (New) knowledge & skills Approximate Completion Time in minutes = 10
Programming Concepts,https://www.shl.com/solutions/products/product-catalog/view/programming-concepts/,25,yes,yes,knowledge & skills,Programming Concepts knowledge & skills Approximate Completion Time in minutes = 25
Project Management (2013),https://www.shl.com/solutions/products/product-catalog/view/project-management-2013/,30,yes,yes,knowledge & skills,Project Management (2013) knowledge & skills Approximate Completion Time in minutes = 30
Proofreading v1,https://www.shl.com/solutions/products/product-catalog/view/proofreading-v1/,6,yes,no,knowledge & skills,Proofreading v1 knowledge & skills Approximate Completion Time in minutes = 6
Python (New),https://www.shl.com/solutions/products/product-catalog/view/python-new/,11,yes,no,knowledge & skills,Python (New) knowledge & skills Approximate Completion Time in minutes = 11
R Programming (New),https://www.shl.com/solutions/products/product-catalog/view/r-programming-new/,13,yes,no,knowledge & skills,R Programming (New) knowledge & skills Approximate Completion Time in minutes = 13
ReactJS (New),https://www.shl.com/solutions/products/product-catalog/view/reactjs-new/,10,yes,no,knowledge & skills,ReactJS (New) knowledge & skills Approximate Completion Time in minutes = 10
Reading Comprehension - English v1,https://www.shl.com/solutions/products/product-catalog/view/reading-comprehension-english-v1/,35,yes,yes,ability & aptitude,Reading Comprehension - English v1 ability & aptitude Approximate Completion Time in minutes = 35
Reading Comprehension - Spanish v1,https://www.shl.com/solutions/products/product-catalog/view/reading-comprehension-spanish-v1/,26,yes,yes,ability & aptitude,Reading Comprehension - Spanish v1 ability & aptitude Approximate Completion Time in minutes = 26
Reading Comprehension v2,https://www.shl.com/solutions/products/product-catalog/view/reading-comprehension-v2/,35,yes,yes,ability & aptitude,Reading Comprehension v2 ability & aptitude Approximate Completion Time in minutes = 35
RemoteWorkQ,https://www.shl.com/solutions/products/product-catalog/view/remoteworkq/,10,yes,no,competencies,RemoteWorkQ competencies Approximate Completion Time in minutes = 10
RemoteWorkQ Manager Report,https://www.shl.com/solutions/products/product-catalog/view/remoteworkq-manager-report/,10,yes,no,competencies,RemoteWorkQ Manager Report competencies 
RemoteWorkQ Participant Report,https://www.shl.com/solutions/products/product-catalog/view/remoteworkq-participant-report/,10,yes,no,competencies,RemoteWorkQ Participant Report competencies 
RESTful Web Services (New),https://www.shl.com/solutions/products/product-catalog/view/restful-web-services-new/,12,yes,no,knowledge & skills,RESTful Web Services (New) knowledge & skills Approximate Completion Time in minutes = 12
Retail Sales and Service Simulation,https://www.shl.com/solutions/products/product-catalog/view/retail-sales-and-service-simulation/,30,yes,no,nan,Retail Sales and Service Simulation nan Approximate Completion Time in minutes = 30
Reviewing Forms - US (R1),https://www.shl.com/solutions/products/product-catalog/view/reviewing-forms-us-r1/,5,yes,no,knowledge & skills,Reviewing Forms - US (R1) knowledge & skills Approximate Completion Time in minutes = 5
Ruby (New),https://www.shl.com/solutions/products/product-catalog/view/ruby-new/,11,yes,no,knowledge & skills,Ruby (New) knowledge & skills Approximate Completion Time in minutes = 11
Ruby on Rails (New),https://www.shl.com/solutions/products/product-catalog/view/ruby-on-rails-new/,11,yes,no,knowledge & skills,Ruby on Rails (New) knowledge & skills Approximate Completion Time in minutes = 11
Sales & Service Phone Simulation,https://www.shl.com/solutions/products/product-catalog/view/sales-and-service-phone-simulation/,20,yes,no,nan,Sales & Service Phone Simulation nan Approximate Completion Time in minutes = 20
Sales & Service Phone Solution,https://www.shl.com/solutions/products/product-catalog/view/sales-and-service-phone-solution/,35,yes,no,nan,Sales & Service Phone Solution nan Approximate Completion Time in minutes = 35
Sales Interview Guide,https://www.shl.com/solutions/products/product-catalog/view/sales-interview-guide/,10,yes,no,nan,Sales Interview Guide nan Approximate Completion Time in minutes = Untimed
Sales Profiler Cards,https://www.shl.com/solutions/products/product-catalog/view/sales-profiler-cards/,16,yes,no,personality & behavior,Sales Profiler Cards personality & behavior Approximate Completion Time in minutes = Untimed
Sales Transformation 1.0 - Individual Contributor,https://www.shl.com/solutions/products/product-catalog/view/sales-transformation-report-individual-contributor/,16,yes,no,personality & behavior,Sales Transformation 1.0 - Individual Contributor personality & behavior 
Sales Transformation 2.0 - Individual Contributor,https://www.shl.com/solutions/products/product-catalog/view/salestransformationreport2-0-individualcontributor/,16,yes,no,personality & behavior,Sales Transformation 2.0 - Individual Contributor personality & behavior 
Sales Transformation Report 1.0 - Sales Manager,https://www.shl.com/solutions/products/product-catalog/view/sales-transformation-report-sales-manager/,16,yes,no,personality & behavior,Sales Transformation Report 1.0 - Sales Manager personality & behavior 
Sales Transformation Report 2.0 - Sales Manager,https://www.shl.com/solutions/products/product-catalog/view/sales-transformation-report-2-0-sales-manager/,16,yes,no,personality & behavior,Sales Transformation Report 2.0 - Sales Manager personality & behavior 
Salesforce Development (New),https://www.shl.com/solutions/products/product-catalog/view/salesforce-development-new/,15,yes,no,knowledge & skills,Salesforce Development (New) knowledge & skills Approximate Completion Time in minutes = 15
SAP ABAP (Advanced Level) (New),https://www.shl.com/solutions/products/product-catalog/view/sap-abap-advanced-level-new/,12,yes,no,knowledge & skills,SAP ABAP (Advanced Level) (New) knowledge & skills Approximate Completion Time in minutes = 12
SAP ABAP (Intermediate Level) (New),https://www.shl.com/solutions/products/product-catalog/view/sap-abap-intermediate-level-new/,9,yes,no,knowledge & skills,SAP ABAP (Intermediate Level) (New) knowledge & skills Approximate Completion Time in minutes = 9
SAP Basis (New),https://www.shl.com/solutions/products/product-catalog/view/sap-basis-new/,9,yes,no,knowledge & skills,SAP Basis (New) knowledge & skills Approximate Completion Time in minutes = 9
SAP Business Objects WebI (New),https://www.shl.com/solutions/products/product-catalog/view/sap-business-objects-webi-new/,10,yes,no,knowledge & skills,SAP Business Objects WebI (New) knowledge & skills Approximate Completion Time in minutes = 10
SAP BW (Business Warehouse) (New),https://www.shl.com/solutions/products/product-catalog/view/sap-bw-business-warehouse-new/,9,yes,no,knowledge & skills,SAP BW (Business Warehouse) (New) knowledge & skills Approximate Completion Time in minutes = 9
SAP HCM (Human Capital Management) (New),https://www.shl.com/solutions/products/product-catalog/view/sap-hcm-human-capital-management-new/,9,yes,no,knowledge & skills,SAP HCM (Human Capital Management) (New) knowledge & skills Approximate Completion Time in minutes = TBC
SAP Hybris (New),https://www.shl.com/solutions/products/product-catalog/view/sap-hybris-new/,20,yes,no,knowledge & skills,SAP Hybris (New) knowledge & skills Approximate Completion Time in minutes = 20
SAP Materials Management (New),https://www.shl.com/solutions/products/product-catalog/view/sap-materials-management-new/,10,yes,no,knowledge & skills,SAP Materials Management (New) knowledge & skills Approximate Completion Time in minutes = 10
SAP SD (Sales and Distribution) (New),https://www.shl.com/solutions/products/product-catalog/view/sap-sd-sales-and-distribution-new/,8,yes,no,knowledge & skills,SAP SD (Sales and Distribution) (New) knowledge & skills Approximate Completion Time in minutes = 8
Search Engine Optimization (New),https://www.shl.com/solutions/products/product-catalog/view/search-engine-optimization-new/,12,yes,no,knowledge & skills,Search Engine Optimization (New) knowledge & skills Approximate Completion Time in minutes = 12
Selenium (New),https://www.shl.com/solutions/products/product-catalog/view/selenium-new/,10,yes,no,knowledge & skills,Selenium (New) knowledge & skills Approximate Completion Time in minutes = 10
Shell Scripting (New),https://www.shl.com/solutions/products/product-catalog/view/shell-scripting-new/,10,yes,no,knowledge & skills,Shell Scripting (New) knowledge & skills Approximate Completion Time in minutes = 10
SHL Verify Interactive - Inductive Reasoning,https://www.shl.com/solutions/products/product-catalog/view/shl-verify-interactive-inductive-reasoning/,20,yes,yes,nan,SHL Verify Interactive - Inductive Reasoning nan Approximate Completion Time in minutes = 20
SHL Verify Interactive  Deductive Reasoning,https://www.shl.com/solutions/products/product-catalog/view/shl-verify-interactive-deductive-reasoning/,20,yes,yes,nan,SHL Verify Interactive  Deductive Reasoning nan Approximate Completion Time in minutes = 20
SHL Verify Interactive  Numerical Reasoning,https://www.shl.com/solutions/products/product-catalog/view/shl-verify-interactive-numerical-reasoning/,20,yes,yes,nan,SHL Verify Interactive  Numerical Reasoning nan Approximate Completion Time in minutes = 20
SHL Verify Interactive G+,https://www.shl.com/solutions/products/product-catalog/view/shl-verify-interactive-g/,36,yes,yes,ability & aptitude,SHL Verify Interactive G+ ability & aptitude Approximate Completion Time in minutes = 36
SHL Verify Interactive Numerical Calculation,https://www.shl.com/solutions/products/product-catalog/view/shl-verify-interactive-numerical-calculation/,10,yes,yes,ability & aptitude,SHL Verify Interactive Numerical Calculation ability & aptitude Approximate Completion Time in minutes = 10
Siebel Development (New),https://www.shl.com/solutions/products/product-catalog/view/siebel-development-new/,8,yes,no,knowledge & skills,Siebel Development (New) knowledge & skills Approximate Completion Time in minutes = 8
Smart Interview Live,https://www.shl.com/solutions/products/product-catalog/view/smart-interview-live/,16,yes,no,personality & behavior,Smart Interview Live personality & behavior Approximate Completion Time in minutes = Variable
Smart Interview Live Coding,https://www.shl.com/solutions/products/product-catalog/view/smart-interview-live-coding/,9,yes,no,knowledge & skills,Smart Interview Live Coding knowledge & skills Approximate Completion Time in minutes = Variable
Smart Interview On Demand,https://www.shl.com/solutions/products/product-catalog/view/smart-interview-on-demand/,16,yes,no,personality & behavior,Smart Interview On Demand personality & behavior Approximate Completion Time in minutes = Variable
Social Media (New),https://www.shl.com/solutions/products/product-catalog/view/social-media-new/,10,yes,no,knowledge & skills,Social Media (New) knowledge & skills Approximate Completion Time in minutes = 10
Software Business Analysis,https://www.shl.com/solutions/products/product-catalog/view/software-business-analysis/,30,yes,yes,knowledge & skills,Software Business Analysis knowledge & skills Approximate Completion Time in minutes = 30
SonarQube (New),https://www.shl.com/solutions/products/product-catalog/view/sonarqube-new/,9,yes,no,knowledge & skills,SonarQube (New) knowledge & skills Approximate Completion Time in minutes = TBC
Spelling (U.S.) (New),https://www.shl.com/solutions/products/product-catalog/view/spelling-u-s-new/,9,yes,no,knowledge & skills,Spelling (U.S.) (New) knowledge & skills Approximate Completion Time in minutes = 0
Split Screen Typing Test - Form 1,https://www.shl.com/solutions/products/product-catalog/view/split-screen-typing-test-form-1/,6,yes,no,nan,Split Screen Typing Test - Form 1 nan Approximate Completion Time in minutes = 6
Spring (New),https://www.shl.com/solutions/products/product-catalog/view/spring-new/,9,yes,no,knowledge & skills,Spring (New) knowledge & skills Approximate Completion Time in minutes = 9
SQL (New),https://www.shl.com/solutions/products/product-catalog/view/sql-new/,9,yes,no,knowledge & skills,SQL (New) knowledge & skills Approximate Completion Time in minutes = 9
SQL Server (New),https://www.shl.com/solutions/products/product-catalog/view/sql-server-new/,11,yes,no,knowledge & skills,SQL Server (New) knowledge & skills Approximate Completion Time in minutes = 11
SQL Server Analysis Services (SSAS) (New),https://www.shl.com/solutions/products/product-catalog/view/sql-server-analysis-services-%28ssas%29-%28new%29/,15,yes,no,knowledge & skills,SQL Server Analysis Services (SSAS) (New) knowledge & skills Approximate Completion Time in minutes = 15
SQL Server Integration Services (SSIS) (New),https://www.shl.com/solutions/products/product-catalog/view/sql-server-integration-services-ssis-new/,10,yes,no,knowledge & skills,SQL Server Integration Services (SSIS) (New) knowledge & skills Approximate Completion Time in minutes = 10
SQL Server Reporting Services (SSRS) (New),https://www.shl.com/solutions/products/product-catalog/view/sql-server-reporting-services-ssrs-new/,10,yes,no,knowledge & skills,SQL Server Reporting Services (SSRS) (New) knowledge & skills Approximate Completion Time in minutes = 10
Statistical Analysis System (New),https://www.shl.com/solutions/products/product-catalog/view/statistical-analysis-system-new/,11,yes,no,knowledge & skills,Statistical Analysis System (New) knowledge & skills Approximate Completion Time in minutes = 11
Struts (New),https://www.shl.com/solutions/products/product-catalog/view/struts-new/,5,yes,no,knowledge & skills,Struts (New) knowledge & skills Approximate Completion Time in minutes = 5
SVAR - Spoken English (AUS),https://www.shl.com/solutions/products/product-catalog/view/svar-spoken-english-aus/,11,yes,no,simulations,SVAR - Spoken English (AUS) simulations Approximate Completion Time in minutes = -
SVAR - Spoken English (Indian Accent)  (New),https://www.shl.com/solutions/products/product-catalog/view/svar-spoken-english-indian-accent-new/,11,yes,no,simulations,SVAR - Spoken English (Indian Accent)  (New) simulations Approximate Completion Time in minutes = -
SVAR - Spoken English (U.K.),https://www.shl.com/solutions/products/product-catalog/view/svar-spoken-english-u-k/,11,yes,no,simulations,SVAR - Spoken English (U.K.) simulations Approximate Completion Time in minutes = -
SVAR - Spoken English (US)  (New),https://www.shl.com/solutions/products/product-catalog/view/svar-spoken-english-us-new/,11,yes,no,simulations,SVAR - Spoken English (US)  (New) simulations Approximate Completion Time in minutes = -
SVAR - Spoken French (Canadian) (New),https://www.shl.com/solutions/products/product-catalog/view/svar-spoken-french-canadian-new/,11,yes,no,simulations,SVAR - Spoken French (Canadian) (New) simulations Approximate Completion Time in minutes = -
SVAR - Spoken French (European) (New),https://www.shl.com/solutions/products/product-catalog/view/svar-spoken-french-european-new/,11,yes,no,simulations,SVAR - Spoken French (European) (New) simulations Approximate Completion Time in minutes = -
SVAR - Spoken Spanish (Castilian) (New),https://www.shl.com/solutions/products/product-catalog/view/svar-spoken-spanish-castilian-new/,11,yes,no,simulations,SVAR - Spoken Spanish (Castilian) (New) simulations Approximate Completion Time in minutes = -
SVAR - Spoken Spanish (North American) (New),https://www.shl.com/solutions/products/product-catalog/view/svar-spoken-spanish-north-american-new/,11,yes,no,simulations,SVAR - Spoken Spanish (North American) (New) simulations Approximate Completion Time in minutes = -
Swing (New),https://www.shl.com/solutions/products/product-catalog/view/swing-new/,4,yes,no,knowledge & skills,Swing (New) knowledge & skills Approximate Completion Time in minutes = 4
Tableau (New),https://www.shl.com/solutions/products/product-catalog/view/tableau-new/,8,yes,no,knowledge & skills,Tableau (New) knowledge & skills Approximate Completion Time in minutes = 8
Telecommunications Engineering (New),https://www.shl.com/solutions/products/product-catalog/view/telecommunications-engineering-new/,7,yes,no,knowledge & skills,Telecommunications Engineering (New) knowledge & skills Approximate Completion Time in minutes = 7
Teradata Development (New),https://www.shl.com/solutions/products/product-catalog/view/teradata-development-new/,9,yes,no,knowledge & skills,Teradata Development (New) knowledge & skills Approximate Completion Time in minutes = 9
Time Management (U.S.),https://www.shl.com/solutions/products/product-catalog/view/time-management-u-s/,15,yes,yes,knowledge & skills,Time Management (U.S.) knowledge & skills Approximate Completion Time in minutes = 15 to 35
Training Development,https://www.shl.com/solutions/products/product-catalog/view/training-development/,15,yes,yes,knowledge & skills,Training Development knowledge & skills Approximate Completion Time in minutes = 15 to 35
Typing (New),https://www.shl.com/solutions/products/product-catalog/view/typing-new/,2,yes,no,simulations,Typing (New) simulations Approximate Completion Time in minutes = 2
UiPath RPA Development (New),https://www.shl.com/solutions/products/product-catalog/view/uipath-rpa-development-new/,8,yes,no,knowledge & skills,UiPath RPA Development (New) knowledge & skills Approximate Completion Time in minutes = 8
Universal Competency Framework Interview Guide,https://www.shl.com/solutions/products/product-catalog/view/universal-competency-framework-interview-guide/,10,yes,no,nan,Universal Competency Framework Interview Guide nan 
Universal Competency Framework Job profiling guide,https://www.shl.com/solutions/products/product-catalog/view/universal-competency-framework-job-profiling-guide/,10,yes,no,nan,Universal Competency Framework Job profiling guide nan Approximate Completion Time in minutes = Untimed
Universal Competency Framework Profiler Cards (44),https://www.shl.com/solutions/products/product-catalog/view/universal-competency-framework-profiler-cards-44/,10,yes,no,nan,Universal Competency Framework Profiler Cards (44) nan Approximate Completion Time in minutes = Untimed
UNIX (New),https://www.shl.com/solutions/products/product-catalog/view/unix-new/,9,yes,no,knowledge & skills,UNIX (New) knowledge & skills Approximate Completion Time in minutes = 9
VB.NET (New),https://www.shl.com/solutions/products/product-catalog/view/vb-net-new/,10,yes,no,knowledge & skills,VB.NET (New) knowledge & skills Approximate Completion Time in minutes = 10
Verify - Deductive Reasoning,https://www.shl.com/solutions/products/product-catalog/view/verify-deductive-reasoning/,20,yes,yes,ability & aptitude,Verify - Deductive Reasoning ability & aptitude Approximate Completion Time in minutes = 20
Verify - Following Instructions,https://www.shl.com/solutions/products/product-catalog/view/verify-following-instructions/,8,yes,no,ability & aptitude,Verify - Following Instructions ability & aptitude Approximate Completion Time in minutes = 8
Verify - G+,https://www.shl.com/solutions/products/product-catalog/view/verify-g/,36,yes,yes,ability & aptitude,Verify - G+ ability & aptitude Approximate Completion Time in minutes = 36
Verify - General Ability Screen,https://www.shl.com/solutions/products/product-catalog/view/verify-general-ability-screen/,10,yes,yes,ability & aptitude,Verify - General Ability Screen ability & aptitude Approximate Completion Time in minutes = 10
Verify - Inductive Reasoning (2014),https://www.shl.com/solutions/products/product-catalog/view/verify-inductive-reasoning-2014/,24,yes,yes,ability & aptitude,Verify - Inductive Reasoning (2014) ability & aptitude Approximate Completion Time in minutes = 24
Verify - Numerical Ability,https://www.shl.com/solutions/products/product-catalog/view/verify-numerical-ability/,20,yes,yes,ability & aptitude,Verify - Numerical Ability ability & aptitude Approximate Completion Time in minutes = 20
Verify - Technical Checking - Next Generation,https://www.shl.com/solutions/products/product-catalog/view/verify-technical-checking-next-generation/,5,yes,no,ability & aptitude,Verify - Technical Checking - Next Generation ability & aptitude Approximate Completion Time in minutes = 5
Verify - Verbal Ability - Next Generation,https://www.shl.com/solutions/products/product-catalog/view/verify-verbal-ability-next-generation/,15,yes,yes,ability & aptitude,Verify - Verbal Ability - Next Generation ability & aptitude Approximate Completion Time in minutes = 15 minutes
Verify - Working with Information,https://www.shl.com/solutions/products/product-catalog/view/verify-working-with-information/,10,yes,no,ability & aptitude,Verify - Working with Information ability & aptitude Approximate Completion Time in minutes = 10
Verify G+ - Ability Test Report,https://www.shl.com/solutions/products/product-catalog/view/verify-g-ability-test-report/,20,yes,no,ability & aptitude,Verify G+ - Ability Test Report ability & aptitude 
Verify G+ - Candidate Report,https://www.shl.com/solutions/products/product-catalog/view/verify-g-candidate-report/,20,yes,no,ability & aptitude,Verify G+ - Candidate Report ability & aptitude 
Verify Interactive Ability Report,https://www.shl.com/solutions/products/product-catalog/view/verify-interactive-ability-report/,20,yes,no,ability & aptitude,Verify Interactive Ability Report ability & aptitude 
Verify Interactive G+ Candidate Report,https://www.shl.com/solutions/products/product-catalog/view/verify-interactive-g-candidate-report/,20,yes,no,ability & aptitude,Verify Interactive G+ Candidate Report ability & aptitude 
Verify Interactive G+ Report,https://www.shl.com/solutions/products/product-catalog/view/verify-interactive-g-report/,20,yes,no,ability & aptitude,Verify Interactive G+ Report ability & aptitude 
Verify Interactive Process Monitoring,https://www.shl.com/solutions/products/product-catalog/view/verify-interactive-process-monitoring/,18,yes,no,ability & aptitude,Verify Interactive Process Monitoring ability & aptitude Approximate Completion Time in minutes = 18
Virtual Assessment and Development Centers,https://www.shl.com/solutions/products/product-catalog/view/virtual-assessment-and-development-centers/,16,yes,no,personality & behavior,Virtual Assessment and Development Centers personality & behavior Approximate Completion Time in minutes = N/A
Visual Basic for Applications (New),https://www.shl.com/solutions/products/product-catalog/view/visual-basic-for-applications-new/,7,yes,no,knowledge & skills,Visual Basic for Applications (New) knowledge & skills Approximate Completion Time in minutes = 7
Visual Comparison - UK,https://www.shl.com/solutions/products/product-catalog/view/visual-comparison-uk/,5,yes,no,knowledge & skills,Visual Comparison - UK knowledge & skills Approximate Completion Time in minutes = 5
Visual Comparison - US,https://www.shl.com/solutions/products/product-catalog/view/visual-comparison-us/,5,yes,no,knowledge & skills,Visual Comparison - US knowledge & skills Approximate Completion Time in minutes = 5
VLSI and Embedded Systems (New),https://www.shl.com/solutions/products/product-catalog/view/vlsi-and-embedded-systems-new/,9,yes,no,knowledge & skills,VLSI and Embedded Systems (New) knowledge & skills Approximate Completion Time in minutes = 9
What Is The Value - US,https://www.shl.com/solutions/products/product-catalog/view/what-is-the-value-us/,5,yes,yes,knowledge & skills,What Is The Value - US knowledge & skills Approximate Completion Time in minutes = 5
Workplace Administration Skills (New),https://www.shl.com/solutions/products/product-catalog/view/workplace-administration-skills-new/,12,yes,no,knowledge & skills,Workplace Administration Skills (New) knowledge & skills Approximate Completion Time in minutes = 12
Workplace Health and Safety (New),https://www.shl.com/solutions/products/product-catalog/view/workplace-health-and-safety-new/,9,yes,no,knowledge & skills,Workplace Health and Safety (New) knowledge & skills Approximate Completion Time in minutes = 9
WriteX - Email Writing (Customer Service) (New),https://www.shl.com/solutions/products/product-catalog/view/writex-email-writing-customer-service-new/,15,yes,no,simulations,WriteX - Email Writing (Customer Service) (New) simulations Approximate Completion Time in minutes = 15
WriteX - Email Writing (Managerial) (New),https://www.shl.com/solutions/products/product-catalog/view/writex-email-writing-managerial-new/,15,yes,no,simulations,WriteX - Email Writing (Managerial) (New) simulations Approximate Completion Time in minutes = 15
WriteX - Email Writing (Sales) (New),https://www.shl.com/solutions/products/product-catalog/view/writex-email-writing-sales-new/,15,yes,no,nan,WriteX - Email Writing (Sales) (New) nan Approximate Completion Time in minutes = 15
Written English v1,https://www.shl.com/solutions/products/product-catalog/view/written-english-v1/,30,yes,yes,knowledge & skills,Written English v1 knowledge & skills Approximate Completion Time in minutes = 30
Written Spanish,https://www.shl.com/solutions/products/product-catalog/view/written-spanish/,22,yes,yes,knowledge & skills,Written Spanish knowledge & skills Approximate Completion Time in minutes = 22
Zabbix (New),https://www.shl.com/solutions/products/product-catalog/view/zabbix-new/,9,yes,no,knowledge & skills,Zabbix (New) knowledge & skills Approximate Completion Time in minutes = 9
360 Digital Report,https://www.shl.com/solutions/products/product-catalog/view/360-digital-report/,10,yes,no,development & 360,360 Digital Report development & 360 
360 Multi-Rater Feedback System (MFS),https://www.shl.com/solutions/products/product-catalog/view/360-multi-rater-feedback-system-mfs/,10,yes,no,nan,360 Multi-Rater Feedback System (MFS) nan Approximate Completion Time in minutes = Untimed
